Average waiting time,Cumulated waiting time,average speed,emission of Co2,evacuated_vehicle,nb_collision,episode reward,nombre episode
9.84492009689307,408.1975918884663,0.9018707017017336,102410.94310976585,300,0,-5178.427970965755,0
10.267732850200643,470.71975560081455,0.9000263018774551,111705.73046334679,309,0,-5041.456829448515,1
