Average waiting time,Cumulated waiting time,average speed,emission of Co2,evacuated_vehicle,nb_collision,episode reward,nombre episode
9.419347753466049,331.1450386854909,2.3176625071710646,85745.3853716454,117,0,-1874.4502029397438,0
17.37605510003384,467.0369152762369,2.9801226618977137,66691.38966307414,105,0,-3457.8349649067345,1
