Average waiting time,Cumulated waiting time,average speed,emission of Co2,evacuated_vehicle,nb_collision,episode reward,nombre episode
9.354745808187213,436.8479487179487,0.7787543947766115,114234.90974699268,309,0,1587.4999999999995,0
10.267618791891264,480.6152070604209,0.8425969981505147,116289.47568489159,325,0,1662.3333333333328,1
10.500191980369289,491.4578467153284,0.7474512847890892,114419.38047502316,282,0,1461.0000000000002,2
