Average waiting time,Cumulated waiting time,average speed,emission of Co2,evacuated_vehicle,nb_collision,episode reward,nombre episode
0.0,0.0,9.98477498120057,24314.550678201307,3,2,-28.571428571428573,0
0.5003472222222223,3.354166666666667,8.176178135084621,29712.677054570137,10,2,-70.66944444444444,1
0.16867747363495664,1.3459561602418746,8.152828531312045,27996.939426951092,34,2,-70.20889361300075,2
